Company,website
Studio 511,www.st511.com
Strong Missions,www.strongmissions.com
BHHS Cambridge Realty,www.bhhscambridgerealty.com
T & S Food Services,www.tsfoodservices.com
Axcent Realty,www.axcentrealty.com
The Powell Group,www.thepowellgroup.net
Upstate Workforce Future's,www.upstateworkforceboard.org
"""Smith Contracting Services","Inc"""
Piedmont Imaging,www.piedmontimaging.com
Ii5,www.ii5.com
Miertec,www.miertec.com
Benjamin Hardy,www.benjaminhardy.com
Grass Tenders,www.grasstenders.com
Pins Fast,www.pinsfast.com
Sullivan's Metropolitan Grill,www.sullivansmetrogrill.com
Dover Cylinder Head Service Inc,www.doverheads.com
Gaston Garage Door,www.cliffsgastoniagaragedoor.com
Rims Usa,www.rimsusa.net
"""Warth Construction","Inc."""
Mustang Medicine Works,www.mustangmedicineworks.com
DOT Tiedown,www.dottiedown.com
Smoky Mountain Steel Horses's,www.smokymountainsteelhorses.com
EIT Networks,www.epignosysit.com
Corson Rubber Products,www.corsonrubber.com
Greenville Convention Center Gallery,www.greenvilleconventioncenter.com
Unique Financial Solutions,www.uniquefinancialsolutionsllc.com
Vaughn Construction and Renovation LLC,www.vaughncustomhomes.com
Rising Technology Solutions,www.risinginc.net
Sitter's Registry,www.sittersregistry.com
Oasis Scientific Inc,www.oasisscientific.com
Modern Drywall Co,www.moderndrywall.com
Jolly Realty Group,www.jollyrealtygroup.com
Manello Construction,www.manelloconstruction.com
Patrick Yarn Mill,www.patrickyarns.com
Grove Medical,www.grovemedical.com
The Cargo Agency,www.thecargoagency.com
HW Resources,www.hwresources.net
Welcome Home Group,www.welcomehomesc.com
American Quality Foods,www.americanqualityfoods.com
The Willows Of Easley,www.thewillowsofeasley.com
Industrial Fabricators,www.ifabrication.com
Sfrep,www.wca-inc.com
Palmetto Digital Solutions,www.palmettodigitalsolutions.com
Southern Belle Marketing,www.southernbellemarketing.com
Sunset Finance,www.sunsetfinance.net
Aberdeen Funding,www.aberdeenfunding.com
J M Smith Corporation,www.smithdrug.com
Enlow Marketing,www.clearonhold.com
The Brigman Group,www.thebrigmangroup.com
Spectrum,www.spectrum.com
AOne ATM,www.aoneatm.com
Innovative Solar Systems,www.innovativesolarsystemsllc.com
Griffin Architects,www.griffinarchitectspa.com
Summit Solar,www.mysummitsolar.com
Champion Plumbing,www.championplumbingllc.com
Bullman Heating & Air,www.bullmanheating.com
Kellar Lawrence Real Estate,www.kellarlawrence.com
French Broad Chocolates,www.frenchbroadchocolates.com
Caldwell Computer Consulting,www.gastoniapc.com
Robojuice,www.robojuice.com
Animal Hospital of Waynesville,www.animalhosp.com
Vinyl Services,www.vinylservices.net
Reed Construction,www.reedconstructionco.com
Gaston Together,www.gastontogether.org
All Skilled Construction,www.allskilledconstruction.com
First Responders Healthcare Services,www.1strespondershealthcare.com
Talisman Group,www.talismancamps.com
Premier Pain Solutions,www.premierpainusa.com
Great Outdoors Play Systems,www.greatoutdoorsplay.com
NewBold,www.newboldcorp.com
North Carolina School for the Deaf,www.ncsd.net
Professional Help Computer Services,www.professionalhelp.com
Community Credit,www.mycommunitycredit.com
Sapphire Leadership Group,www.theslg.com
Everything Computers of Sc,www.everythingcomputersofsc.com
Mold Inspection Network,www.moldinspectionnetwork.com
Moonstruck & Monograms,www.moonstruckonline.com
Allergic Disease & Asthma Center,www.allergicdisease.com
Sen Platform,www.smartedunow.com
Gault-Kent Manufactured Homes,www.kentgault.com
WNC Nonprofit Pathways,www.nonprofitpathways.org
Quality Care Provder,www.qualitycareprovider.com
AFG Distribution,www.afgdistribution.com
Fitzgerald Nursery,www.fitzgeraldnursery.net
Thunder Contracting,www.thundercontractinginc.com
Mascoe,www.mascoe.com
JAWS Fundraising,www.jawsfundraising.com
Moss & Associates Real Estate,www.callmoss.com
Family Physicians,www.familyphysiciansspartanburg.com
Ponce Realty Group,www.theponcerealtygroup.com
Albertson Construction Inc,www.albertsonconstruction.com
Maintenance & Inspection Services,www.misnc.com
South Eastern Machining,www.semachining.com
AshevilleAndBeyond,www.ashevilleandbeyond.com
Dallas Electrical Contractors,www.dallasncelectric.com
Gaia Herbs,www.gaiaherbs.com
Greenville Convention Center,www.greenvilleconventioncenter.com
Lifoam Industries,www.lifoam.com
Package InSight,www.packageinsight.com
The Dry Sink,www.thedrysink.com
AnMed Health Cannon Hospital,www.anmedhealthcannon.org
Stoneledge,www.stoneledgehoa.com
Ditch Witch Of The Carolinas,www.dwotc.com
Fyg,www.fuyaona.com
Proactive MD,www.proactive-md.com
Conner Financial Group,www.retiretag.com
EnCode Wireless,www.encodewireless.com
Panthera,www.pantherallc.biz
Championship Networks,www.ihaveanitdept.com
Whitmire Real Estate Agency,www.thewhitmireagency.com
Excel Fire Sprinklers,www.excelfiresprinklers.com
Ahead Start,www.aheadstart-sc.com
EX Contractor,www.excontractor.com
Ayres Stucco,www.ayresstucco.com
McKinney Mazda,www.mckinneymazda.com
Labtech Diagnostics,www.labtechdiagnostics.net
Meditari,www.meditari.com
