Company Field,website
Mattress,www.mattressbyappointment.com
McGill Associates,www.mcgillassociates.com
Meares Property Advisors,www.mpa-sc.com
Metal Recycling Services,www.metalrecyclingservices.com
Midlands,www.gssc-mm.org
Modjoul,www.modjoul.com
Morgan Concrete,www.morganconcrete.com
Morganton Eye,www.morgantoneye.com
Morris Business Solutions,www.morrisbusiness.com
Mosaic Color & Additives,www.mosaiccolor.com
Moss Realty,www.mossrealty.com
MountainTrue,www.mountaintrue.org
Multi-Pack Solutions,www.multipacksolutions.com
NAI Earle Furman,www.naiearlefurman.com
NC Interiors Contracting,www.ncinteriorcontracting.com
NCEES,www.ncees.org
New South Construction Supply,www.newsouthsupply.com
NewSpring Church,www.newspring.cc
NHE,www.nhe-inc.com
NHM Constructors,www.nhmconstructors.com
North Hills Medical Center,www.northhillsmedicalcenter.net
Oconee Federal Financial,www.oconeefederal.com
Omedym,www.omedym.com
Omnibond Systems,www.omnibond.com
One Love Services,www.oneloveservices.com
O'Neal,www.onealinc.com
Onsite Healthcare And Wellness LLC,www.ohw-sc.com
OOBE,www.oobe.com
Ostrem Tool,www.ostremtool.com
Outdoor Expressions,www.outdoorexpressions.net
packIQ,www.packiq.com
Pacolet Milliken,www.pacoletmilliken.com
Palmetto Sound Works,www.palmettosoundworks.com
Panagakos Asphalt Paving,www.panagakospaving.com
Park Elevators,www.parkelevators.com
Patriot Hospice,www.patriotcares.com
Patterson Pump,www.pattersonpumps.com
Pcbdsn,www.pcbdsn.org
Perdue,www.perdue.com
Pickard China,www.pickardchina.com
Pimsy,www.pimsyehr.com
Pinnix,www.pinnix.com
Pioneer Motor Bearing,www.pioneer1.com
Poly-Med,www.poly-med.com
Power Services Group,www.powerservicesgroup.com
PremierePC Technology Group,www.premierepc.net
Prestige Subaru,www.prestigesubaru.com
Procemex,www.procemex.com
Professional Financial Services,www.pfs-corp.net
Promotions Unlimited,www.promoultd.com
Property Matters Realty',www.propertymattersrealty.com
PropertyBoss Solutions,www.propertyboss.com
ProSource Plumbing Supply,www.prosourcesupply.com
ProTech Contracting,www.protechnc.com
Provest Wealth Advisors,www.provestwealth.com
Public Education Partners,www.pepgc.org
QS/1,www.qs1.com
Ralph Hayes Toyota,www.ralphhayestoyota.com
Random Acts of Flowers - Asheville,www.randomactsofflowers.org
Read's Uniforms,www.readsuniforms.net
Riddley Retail Fixtures,www.riddleyinc.com
ROCK International,www.rockintl.org
Rocky Creek Academy,www.rockycreek.church
Roebuck Buildings,www.roebuckbuildings.com
Ruffian Software,www.ruffiansoftware.com
Rymedi,www.rymedi.com
Safe Industries,www.safeindustries.com
Safety Components Fabric Technologies,www.safetycomponents.com
Sanders Wealth Management,www.sanderswm.com
Saprex,www.saprex.com
Satterfield Construction,www.satterfieldconstruction.org
ScanMaster,www.scanmaster-irt.com
Schoen Insulation Services,www.schoenins.com
ScopeStack,www.scopestack.io
SermonAudio,www.sermonaudio.com
Shippers Supply,www.shipperssupplyinc.com
Smith Drug Company,www.smithdrug.com
Smokestorm Fire,www.smokestormrestoration.com
Southern First Bank,www.southernfirst.com
Southern MEP,www.southernmep.com
Southern Tide,www.southerntide.com
Sparks Research,www.sparksresearch.com
Spartanburg Medical Research,www.medresearch.com
SpecFab Services,www.specfabservices.com
Spero Financial,www.spero.financial
Steel Clad,www.steelclad.com
Stephens County Hospital,www.stephenscountyhospital.com
Stephens County School System,www.stephens.k12.ga.us
Stewart-Cooper-Newell Architects,www.scn-architects.com
STI Fabrics,www.stifabrics.com
Sunbelt Human Advancement Resources,www.sharesc.org
Sure Point Builders,www.surepointbuilders.com
SynTerra,www.synterracorp.com
Tate Metalworks,www.tatemetalworks.com
Telateks,www.telateks.com
The Association of International Metallizers Coaters and Laminators,www.aimcal.org
The Community Foundation of Greenville,www.cfgreenville.org
The Described and Captioned Media Program,www.dcmp.org
The Harper,www.harpergc.com
The Index-Journal,www.indexjournal.com
The Loving Companies,www.thelovingcompanies.com
The Merit Distribution Group LLC,www.lancasterco.com
The Reynolds Company,www.reynoldsglue.com
The Scarpetta Group,www.scarpettagroup.com
The Stillwater Group,www.thestillwatergroup.net
The Vizius Group,www.vizius.com
The Worthwhile,www.worthwhile.com
Thrift Development,www.thriftdev.com
Thrive Upstate,www.thriveupstate.org
Together Women Rise Inc,www.togetherwomenrise.org
Toner Machining Technologies,www.tonermachining.com
TPM,www.tpm.com
Triangle Construction,www.triangleconstruction.com
Troysgate,www.troysgate.com
Tryon International Equestrian Center,www.tryon.com
Uldrick Builders,www.uldrickbuilders.com
Uncommn Marketing Partners,www.getuncommn.com
United Way of Asheville and Buncombe County,www.unitedwayabc.org
Upstate Staffing,www.upstatestaffingsc.com
Viatec,www.viatec.us
ViriCiti,www.viriciti.com
Vital Federal Credit Union,www.vitalfcu.com
VolunteerMatch,www.volunteermatch.org
Waterbird Consulting,www.waterbirdwtc.com
Waypoint Strategic Advisors,www.waypointus.com
WD Lee,www.wdlee.com
Webb Investment Services,www.webbinvestmentservices.com
Weekes Construction,www.weekesconstruction.com
Western Piedmont Community College,www.wpcc.edu
Westminster Presbyterian Church,www.wpc-online.org
WGGS-TV studios,www.wggs16.com
Wilkins Radio,www.wilkinsradio.com
WingSwept,www.wingswept.com
WJ Partners,www.wjpartners.com
WNC Community Credit Union,www.wncccu.org
WNC Paving,www.wncpaving.com
Young Office,www.youngoffice.com
Your Equipment Guys,www.yourequipmentguys.com
Zen Psychiatric Services,www.zenpsychiatric.com
