Name,Directory URL,Website,Careers Page
"AIA South Carolina","https://jobs.togethersc.org/company/aia-south-carolina-22707","https://aiasc.org/","https://aiasc.org/jobs"
"Armstrong McGuire","https://jobs.togethersc.org/company/armstrong-mcguire-18419","",""
"Arras Foundation","https://jobs.togethersc.org/company/arras-foundation-17396","",""
"Association for the Blind and Visually Impaired South Carolina","https://jobs.togethersc.org/company/association-for-the-blind-and-visually-impaired-south-carolina-19559","https://abvisc.org/",""
"Canterbury Counseling Center","https://jobs.togethersc.org/company/canterbury-counseling-center-22422","https://www.canterburycounseling.org/",""
"Center for Heirs Property Preservation","https://jobs.togethersc.org/company/center-for-heirs-property-preservation-18343","https://heirproperty.org/",""
"Charleston Habitat for Humanity","https://jobs.togethersc.org/company/charleston-habitat-for-humanity-22424","https://charlestonhabitat.org/","https://charlestonhabitat.org/open-positions"
"Charleston Moves","https://jobs.togethersc.org/company/charleston-moves-22557","https://charlestonmoves.org/","https://charlestonmoves.org/get-involved/"
"Coastal Conservation League","https://jobs.togethersc.org/company/coastal-conservation-league-17117","https://www.coastalconservationleague.org/","https://www.coastalconservationleague.org/careers"
"Communities In Schools of SC","https://jobs.togethersc.org/company/communities-in-schools-of-sc-18438","https://www.cisofsc.org/","https://www.cisofsc.org/careers"
"Dee Norton Child Advocacy Center","https://jobs.togethersc.org/company/dee-norton-child-advocacy-center-0946","https://www.deenortoncenter.org/","https://www.deenortoncenter.org/open-positions"
"Disability Rights South Carolina","https://jobs.togethersc.org/company/disability-rights-south-carolina-15382","https://www.disabilityrightssc.org/","https://www.disabilityrightssc.org/get-involved/donate/"
"Dorchester Paws","https://jobs.togethersc.org/company/dorchester-paws-22643","https://dorchesterpaws.org/","https://dorchesterpaws.org/careers"
"Family Connection of SC","https://jobs.togethersc.org/company/family-connection-of-sc-15508","https://www.familyconnectionsc.org/","https://www.familyconnectionsc.org/get-involved/"
"Girls on the Run Upstate SC","https://jobs.togethersc.org/company/girls-on-the-run-upstate-sc-22388","https://www.gotrupstatesc.org/","https://www.gotrupstatesc.org/careers"
"Gullah Geechee Cultural Heritage Corridor","https://jobs.togethersc.org/company/gullah-geechee-cultural-heritage-corridor-21677","https://gullahgeecheecorridor.org/","https://gullahgeecheecorridor.org/open-positions"
"Histurn Ministries Inc","https://jobs.togethersc.org/company/histurn-ministries-inc-22640","https://www.histurnsoccer.org/",""
"Junior Achievement of Greater South Carolina","https://jobs.togethersc.org/company/junior-achievement-of-greater-south-carolina-0913","https://greatersc.ja.org/","https://greatersc.ja.org/open-positions"
"Lowcountry Youth Services","https://jobs.togethersc.org/company/lowcountry-youth-services-22685","https://www.lowcountryyouth.org/","https://www.lowcountryyouth.org/get-involved/careers"
"Lutheran Services Carolinas","https://jobs.togethersc.org/company/lutheran-services-carolinas-22484","https://lscarolinas.net/","https://lscarolinas.net/careers"
"Mental Health America of South Carolina","https://jobs.togethersc.org/company/mental-health-america-of-south-carolina-22517","",""
"Middleton Place Foundation","https://jobs.togethersc.org/company/middleton-place-foundation-18804","https://www.middletonplace.org/",""
"Mission Lexington","https://jobs.togethersc.org/company/mission-lexington-19779","http://www.missionlexingtonsc.org/",""
"North Charleston Dental Outreach","https://jobs.togethersc.org/company/north-charleston-dental-outreach-22007","https://www.ncdo.net/",""
"Northside Development Group","https://jobs.togethersc.org/company/northside-development-group-20519","https://www.spartanburgndg.com/",""
"Research Planning, Inc. (RPI)","https://jobs.togethersc.org/company/research-planning-inc-rpi-22623","",""
"Respite Care Charleston","https://jobs.togethersc.org/company/respite-care-charleston-17472","http://www.respitecarecharleston.org/","http://www.respitecarecharleston.org/open-positions"
"Safe Passage, Inc.","https://jobs.togethersc.org/company/safe-passage-inc-22689","https://safepassagesc.org/","https://safepassagesc.org/careers"
"SC Historical Society","https://jobs.togethersc.org/company/sc-historical-society-22490","https://schistory.org/","https://schistory.org/employment"
"SC Thrive","https://jobs.togethersc.org/company/sc-thrive-21944","https://scthrive.org/","https://scthrive.org/careers"
"South Carolina Wildlife Federation","https://jobs.togethersc.org/company/south-carolina-wildlife-federation-0406","http://www.scwf.org/",""
"The Cooperative Ministry","https://jobs.togethersc.org/company/the-cooperative-ministry-18967","",""
"The Outside Foundation","https://jobs.togethersc.org/company/the-outside-foundation-18789","https://www.outsidefoundation.org/",""
"Trident Area Agency on Aging","https://jobs.togethersc.org/company/trident-area-agency-on-aging-17571","",""
"Trident United Way","https://jobs.togethersc.org/company/trident-united-way-22310","",""
"United Way of Horry County","https://jobs.togethersc.org/company/united-way-of-horry-county-22582","https://unitedwayhorry.org/","https://unitedwayhorry.org/careers/"
"United Way of the Midlands","https://jobs.togethersc.org/company/united-way-of-the-midlands-13685","",""
"Windwood Family Services and Windwood Farm Home for Children","https://jobs.togethersc.org/company/windwood-family-services-and-windwood-farm-home-for-children-15815","https://windwoodfarm.org/","https://windwoodfarm.org/open-positions"
"Women's Rights and Empowerment Network (WREN)","https://jobs.togethersc.org/company/womens-rights-and-empowerment-network-wren-19989","http://www.scwren.org/","http://www.scwren.org/careers"
"YouthBASE","https://jobs.togethersc.org/company/youthbase-19827","https://youthbase.org/",""